Pregnancies,Glucose,BloodPressure,SkinThickness,Insulin,BMI,DiabetesPedigreeFunction,Age,Outcome
6,148,72,35,105.6598985,33.6,0.627,50,1
1,85,66,29,105.6598985,26.6,0.351,31,0
8,183,64,25.87615527,105.6598985,23.3,0.672,32,1
1,89,66,23,94,28.1,0.167,21,0
5,116,74,25.87615527,105.6598985,25.6,0.201,30,0
3,78,5,32,88,31,0.248,26,1
10,115,55.70668486,25.87615527,105.6598985,35.3,0.134,29,0
8,125,96,25.87615527,105.6598985,29.8656539,0.232,54,1
4,11,92,25.87615527,105.6598985,37.6,0.191,30,0
10,168,74,25.87615527,105.6598985,38,0.537,34,1
7,17,74,25.87615527,105.6598985,29.6,0.254,31,1
1,13,3,38,83,43.3,0.183,33,0
8,99,84,25.87615527,105.6598985,35.4,0.388,50,0
7,196,9,25.87615527,105.6598985,39.8,0.451,41,1
9,119,8,35,105.6598985,29,0.263,29,1
11,143,94,33,146,36.6,0.254,51,1
10,125,7,26,115,31.1,0.205,41,1
7,147,76,25.87615527,105.6598985,39.4,0.257,43,1
1,97,66,15,14,23.2,0.487,22,0
13,145,82,19,11,22.2,0.245,57,0
5,117,92,25.87615527,105.6598985,34.1,0.337,38,0
5,19,75,26,105.6598985,36,0.546,60,0
3,88,58,11,54,24.8,0.267,22,0
6,92,92,25.87615527,105.6598985,19.9,0.188,28,0
10,122,78,31,105.6598985,27.6,0.512,45,0
11,138,76,25.87615527,105.6598985,33.2,0.42,35,0
9,12,76,37,105.6598985,32.9,0.665,46,1
2,9,68,42,105.6598985,38.2,0.503,27,1
7,16,92,18,105.6598985,22.7,0.235,48,0
9,171,11,24,24,45.4,0.721,54,1
7,159,64,25.87615527,105.6598985,27.4,0.294,40,0
1,146,56,25.87615527,105.6598985,29.7,0.564,29,0
2,71,7,27,105.6598985,28,0.586,22,0
7,13,66,32,105.6598985,39.1,0.344,31,1
7,15,55.70668486,25.87615527,105.6598985,29.8656539,0.305,24,0
1,13,8,11,82,19.4,0.491,22,0
1,11,5,15,36,24.2,0.526,26,0
5,88,66,21,23,24.4,0.342,30,0
7,187,68,39,34,37.7,0.254,41,1
0,15,64,41,142,41.5,0.173,22,0
2,84,55.70668486,25.87615527,105.6598985,29.8656539,0.304,21,0
8,133,72,25.87615527,105.6598985,32.9,0.27,39,1
5,44,62,25.87615527,105.6598985,25,0.587,36,0
2,141,58,34,128,25.4,0.699,24,0
7,114,66,25.87615527,105.6598985,32.8,0.258,42,1
5,99,74,27,105.6598985,29,0.203,32,0
2,19,92,25.87615527,105.6598985,42.7,0.845,54,0
1,95,66,13,38,19.6,0.334,25,0
5,139,64,35,14,28.6,0.411,26,0
13,126,9,25.87615527,105.6598985,43.4,0.583,42,1
7,62,78,25.87615527,105.6598985,32.6,0.391,41,0
5,95,72,33,105.6598985,37.7,0.37,27,0
0,131,55.70668486,25.87615527,105.6598985,43.2,0.27,26,1
2,112,66,22,105.6598985,25,0.307,24,0
3,113,44,13,105.6598985,22.4,0.14,22,0
2,74,55.70668486,25.87615527,105.6598985,29.8656539,0.102,22,0
7,83,78,26,71,29.3,0.767,36,0
0,11,65,28,105.6598985,24.6,0.237,22,0
5,137,18,25.87615527,105.6598985,48.8,0.227,37,1
2,11,74,29,125,32.4,0.698,27,0
2,1,68,25,71,38.5,0.324,26,0
1,17,68,19,105.6598985,26.5,0.165,24,0
1,8,55,25.87615527,105.6598985,19.1,0.258,21,0
4,134,72,25.87615527,105.6598985,23.8,0.277,60,1
2,142,82,18,64,24.7,0.761,21,0
2,92,62,28,105.6598985,31.6,0.13,24,0
1,151,6,25.87615527,105.6598985,26.1,0.179,22,0
0,125,96,25.87615527,105.6598985,22.5,0.262,21,0
2,85,65,25.87615527,105.6598985,39.6,0.93,27,0
1,126,56,29,152,28.7,0.801,21,0
4,144,58,28,14,29.5,0.287,37,0
3,83,58,31,18,34.3,0.336,25,0
0,95,85,25,36,37.4,0.247,24,1
3,171,72,33,135,33.3,0.199,24,1
1,89,76,34,37,31.2,0.192,23,0
4,76,62,25.87615527,105.6598985,34,0.391,25,0
4,146,92,25.87615527,105.6598985,31.2,0.539,61,1
5,124,74,25.87615527,105.6598985,34,0.22,38,1
5,78,48,25.87615527,105.6598985,33.7,0.654,25,0
4,97,6,23,105.6598985,28.2,0.443,22,0
4,99,76,15,51,23.2,0.223,21,0
6,111,64,39,105.6598985,34.2,0.26,24,0
0,113,76,25.87615527,105.6598985,33.3,0.278,23,1
1,118,58,36,94,33.3,0.261,23,0
1,117,88,24,145,34.5,0.403,40,1
0,15,84,25.87615527,105.6598985,27.9,0.741,62,1
9,122,56,25.87615527,105.6598985,33.3,1.114,33,1
8,84,74,31,105.6598985,38.3,0.457,39,0
2,96,68,13,49,21.1,0.647,26,0
0,93,6,25,92,28.7,0.532,22,0
0,129,8,25.87615527,105.6598985,31.2,0.703,29,0
3,128,78,25.87615527,105.6598985,21.1,0.268,55,0
2,18,52,26,63,32.5,0.318,22,0
10,18,66,25.87615527,105.6598985,32.4,0.272,42,1
0,12,75,23,105.6598985,29.8656539,0.572,21,0
9,57,8,37,105.6598985,32.8,0.096,41,0
5,147,78,25.87615527,105.6598985,33.7,0.218,65,0
2,9,7,17,105.6598985,27.3,0.085,22,0
4,114,65,25.87615527,105.6598985,21.9,0.432,37,0
9,156,86,28,155,34.3,1.189,42,1
8,188,78,25.87615527,105.6598985,47.9,0.137,43,1
2,99,52,15,94,24.6,0.637,21,0
1,19,56,21,135,25.2,0.833,23,0
2,88,74,19,53,29,0.229,22,0
4,151,9,38,105.6598985,29.7,0.294,36,0
2,1,64,23,105.6598985,29.7,0.368,21,0
0,131,88,25.87615527,105.6598985,31.6,0.743,32,1
6,14,74,18,156,29.9,0.722,41,1
3,148,66,25,105.6598985,32.5,0.256,22,0
4,12,68,25.87615527,105.6598985,29.6,0.709,34,0
4,11,66,25.87615527,105.6598985,31.9,0.471,29,0
3,111,9,12,78,28.4,0.495,29,0
6,134,7,23,13,35.4,0.542,29,1
2,87,55.70668486,23,105.6598985,28.9,0.773,25,0
1,79,6,42,48,43.5,0.678,23,0
2,75,64,24,55,29.7,0.37,33,0
8,179,72,42,13,32.7,0.719,36,1
6,85,78,25.87615527,105.6598985,31.2,0.382,42,0
5,143,78,25.87615527,105.6598985,45,0.19,47,0
5,13,82,25.87615527,105.6598985,39.1,0.956,37,1
6,87,8,25.87615527,105.6598985,23.2,0.084,32,0
0,119,64,18,92,34.9,0.725,23,0
5,73,6,25.87615527,105.6598985,26.8,0.268,27,0
4,141,74,25.87615527,105.6598985,27.6,0.244,40,0
7,194,68,28,105.6598985,35.9,0.745,41,1
8,19,76,39,114,27.9,0.64,31,1
5,139,8,35,16,31.6,0.361,25,1
3,111,62,25.87615527,105.6598985,22.6,0.142,21,0
9,123,7,44,94,33.1,0.374,40,0
5,158,84,41,21,39.4,0.395,29,1
1,15,58,25.87615527,105.6598985,24.3,0.187,21,0
3,17,62,13,48,22.9,0.678,23,1
4,19,64,44,99,34.8,0.905,26,1
0,113,8,16,105.6598985,31,0.874,21,0
6,13,72,32,19,37.7,0.324,55,0
5,111,72,28,105.6598985,23.9,0.407,27,0
8,196,76,29,28,37.5,0.605,57,1
5,162,14,25.87615527,105.6598985,37.7,0.151,52,1
1,96,64,27,87,33.2,0.289,21,0
7,184,84,33,105.6598985,35.5,0.355,41,1
2,81,6,22,105.6598985,27.7,0.29,25,0
7,179,95,31,105.6598985,34.2,0.164,60,0
0,14,65,26,13,42.6,0.431,24,1
5,19,62,41,129,35.8,0.514,25,1
5,112,66,25.87615527,105.6598985,37.8,0.261,41,1
2,158,9,25.87615527,105.6598985,31.6,0.805,66,1
7,119,55.70668486,25.87615527,105.6598985,25.2,0.209,37,0
7,142,6,33,19,28.8,0.687,61,0
1,1,66,15,56,23.6,0.666,26,0
1,87,78,27,32,34.6,0.101,22,0
0,11,76,25.87615527,105.6598985,35.7,0.198,26,0
3,162,52,38,105.6598985,37.2,0.652,24,1
0,117,8,31,53,45.2,0.089,24,0
4,142,86,25.87615527,105.6598985,44,0.645,22,1
6,134,8,37,37,46.2,0.238,46,1
1,79,8,25,37,25.4,0.583,22,0
4,122,68,25.87615527,105.6598985,35,0.394,29,0
3,74,68,28,45,29.7,0.293,23,0
4,171,72,25.87615527,105.6598985,43.6,0.479,26,1
0,179,9,27,105.6598985,44.1,0.686,23,1
0,14,76,25.87615527,105.6598985,18.4,0.582,27,0
1,91,64,24,105.6598985,29.2,0.192,21,0
4,91,7,32,88,33.1,0.446,22,0
3,139,54,25.87615527,105.6598985,25.6,0.402,22,1
10,122,68,25.87615527,105.6598985,31.2,0.258,41,0
9,124,7,33,42,35.4,0.282,34,0
9,16,52,25.87615527,105.6598985,31.2,0.38,42,0
2,129,84,25.87615527,105.6598985,28,0.284,27,0
2,9,8,14,55,24.4,0.249,24,0
0,86,68,32,105.6598985,35.8,0.238,25,0
1,113,64,35,105.6598985,33.6,0.543,21,1
2,114,68,22,105.6598985,28.7,0.092,25,0
4,95,7,32,105.6598985,32.1,0.612,24,0
3,142,8,15,105.6598985,32.4,0.2,63,0
4,123,62,25.87615527,105.6598985,32,0.226,35,1
5,96,74,18,67,33.6,0.997,43,0
0,138,55.70668486,25.87615527,105.6598985,36.3,0.933,25,1
0,12,52,25.87615527,105.6598985,25.1,0.078,21,0
2,146,55.70668486,25.87615527,105.6598985,27.5,0.24,28,1
10,11,86,37,105.6598985,45.6,1.136,38,1
2,18,62,32,56,25.2,0.128,21,0
3,122,78,25.87615527,105.6598985,23,0.254,40,0
13,16,7,25.87615527,105.6598985,34.2,0.251,52,0
7,16,6,24,105.6598985,26.5,0.296,29,1
0,14,64,23,116,27.8,0.454,23,0
5,114,74,25.87615527,105.6598985,24.9,0.744,57,0
0,146,7,25.87615527,105.6598985,37.9,0.334,28,1
10,129,76,28,122,35.9,0.28,39,0
7,133,88,15,155,32.4,0.262,37,0
2,18,8,25.87615527,105.6598985,27,0.259,52,1
7,136,74,26,135,26,0.647,51,0
1,119,86,39,22,45.6,0.808,29,1
5,18,72,43,75,36.1,0.263,33,0
0,161,5,25.87615527,105.6598985,21.9,0.254,65,0
6,151,62,31,12,35.5,0.692,28,0
2,146,7,38,36,28,0.337,29,1
8,112,72,25.87615527,105.6598985,23.6,0.84,58,0
0,167,55.70668486,25.87615527,105.6598985,32.3,0.839,30,1
2,144,58,33,135,31.6,0.422,25,1
5,77,82,41,42,35.8,0.156,35,0
3,15,76,25.87615527,105.6598985,21,0.207,37,0
2,12,76,37,15,39.7,0.215,29,0
10,161,68,23,132,25.5,0.326,47,1
0,137,68,14,148,24.8,0.143,21,0
2,124,68,28,25,32.9,0.875,30,1
0,16,7,37,148,39.4,0.605,22,0
2,155,74,17,96,26.6,0.433,27,1
7,19,8,31,105.6598985,35.9,1.127,43,1
2,112,68,22,94,34.1,0.315,26,0
3,99,8,11,64,19.3,0.284,30,0
3,115,66,39,14,38.1,0.15,28,0
6,194,78,25.87615527,105.6598985,23.5,0.129,59,1
13,152,9,33,29,26.8,0.731,43,1
2,112,75,32,105.6598985,35.7,0.148,21,0
1,122,64,32,156,35.1,0.692,30,1
10,179,7,25.87615527,105.6598985,35.1,0.2,37,0
2,12,86,36,12,45.5,0.127,23,1
2,87,58,16,52,32.7,0.166,25,0
1,18,55.70668486,25.87615527,105.6598985,43.3,0.282,41,1
12,16,8,25.87615527,105.6598985,23.6,0.137,44,0
1,95,6,18,58,23.9,0.26,22,0
0,117,55.70668486,25.87615527,105.6598985,33.8,0.932,44,0
5,115,76,25.87615527,105.6598985,31.2,0.343,44,1
7,178,84,25.87615527,105.6598985,39.9,0.331,41,1
1,13,7,13,15,25.9,0.472,22,0
1,95,74,21,73,25.9,0.673,36,0
1,99.31061599,68,35,105.6598985,32,0.389,22,0
5,122,86,25.87615527,105.6598985,34.7,0.29,33,0
8,95,72,25.87615527,105.6598985,36.8,0.485,57,0
8,126,88,36,18,38.5,0.349,49,0
1,139,46,19,83,28.7,0.654,22,0
3,116,55.70668486,25.87615527,105.6598985,23.5,0.187,23,0
3,99,62,19,74,21.8,0.279,26,0
5,99.31061599,8,32,105.6598985,41,0.346,37,1
4,92,8,25.87615527,105.6598985,42.2,0.237,29,0
4,137,84,25.87615527,105.6598985,31.2,0.252,30,0
3,61,82,28,105.6598985,34.4,0.243,46,0
1,9,62,12,43,27.2,0.58,24,0
3,9,78,25.87615527,105.6598985,42.7,0.559,21,0
5,158,7,25.87615527,105.6598985,29.8,0.207,63,0
5,13,18,37,105.6598985,39.2,0.305,65,0
5,99,54,28,83,34,0.499,30,0
6,124,72,25.87615527,105.6598985,27.6,0.368,29,1
0,11,64,17,105.6598985,21,0.252,21,0
3,81,86,16,66,27.5,0.306,22,0
1,133,12,28,14,32.8,0.234,45,1
0,84,64,22,66,35.8,0.545,21,0
2,122,52,43,158,36.2,0.816,28,0
0,98,82,15,84,25.2,0.299,22,0
1,87,6,37,75,37.2,0.509,22,0
4,156,75,25.87615527,105.6598985,48.3,0.238,32,1
0,93,1,39,72,43.4,1.021,35,0
1,125,7,24,11,24.3,0.221,25,0
5,116,74,29,105.6598985,32.3,0.66,35,1
8,15,1,36,105.6598985,43.3,0.239,45,1
3,1,68,23,81,31.6,0.949,28,0
5,166,76,25.87615527,105.6598985,45.7,0.34,27,1
4,116,72,12,87,22.1,0.463,37,0
4,158,78,25.87615527,105.6598985,32.9,0.803,31,1
3,96,56,34,115,24.7,0.944,39,0
3,82,7,25.87615527,105.6598985,21.1,0.389,25,0
3,193,7,31,105.6598985,34.9,0.241,25,1
4,95,64,25.87615527,105.6598985,32,0.161,31,1
6,137,61,25.87615527,105.6598985,24.2,0.151,55,0
5,136,84,41,88,35,0.286,35,1
9,72,78,25,105.6598985,31.6,0.28,38,0
5,168,64,25.87615527,105.6598985,32.9,0.135,41,1
4,115,72,25.87615527,105.6598985,28.9,0.376,46,1
0,11,62,25.87615527,105.6598985,21.9,0.336,25,0
8,197,74,25.87615527,105.6598985,25.9,1.191,39,1
6,12,9,39,105.6598985,35.7,0.674,28,0
1,143,84,23,31,42.4,1.076,22,0
1,143,74,22,61,26.2,0.256,21,0
1,97,68,21,105.6598985,27.2,1.095,22,0
4,144,82,32,105.6598985,38.5,0.554,37,1
1,83,68,25.87615527,105.6598985,18.2,0.624,27,0
3,129,64,29,115,26.4,0.219,28,1
1,119,88,41,17,45.3,0.507,26,0
2,94,68,18,76,26,0.561,21,0
8,151,78,32,21,42.9,0.516,36,1
0,94,55.70668486,25.87615527,105.6598985,29.8656539,0.256,25,0
1,95,82,25,18,35,0.233,43,1
2,99,55.70668486,25.87615527,105.6598985,22.2,0.108,23,0
2,139,75,25.87615527,105.6598985,25.6,0.167,29,0
1,9,68,8,105.6598985,24.5,1.138,36,0
0,141,55.70668486,25.87615527,105.6598985,42.4,0.205,29,1
12,14,85,33,105.6598985,37.4,0.244,41,0
5,147,75,25.87615527,105.6598985,29.9,0.434,28,0
1,97,7,15,105.6598985,18.2,0.147,21,0
6,17,88,25.87615527,105.6598985,36.8,0.727,31,0
0,189,14,25,105.6598985,34.3,0.435,41,1
4,117,64,27,12,33.2,0.23,24,0
4,117,62,12,105.6598985,29.7,0.38,30,1
0,95,8,45,92,36.5,0.33,26,0
0,14,64,37,64,33.6,0.51,22,1
1,82,64,13,95,21.2,0.415,23,0
2,134,7,25.87615527,105.6598985,28.9,0.542,23,1
0,91,68,32,21,39.9,0.381,25,0
2,1,54,28,15,37.8,0.498,24,0
1,135,54,25.87615527,105.6598985,26.7,0.687,62,0
1,71,62,25.87615527,105.6598985,21.8,0.416,26,0
10,115,98,25.87615527,105.6598985,24,1.022,34,0
0,124,56,13,15,21.8,0.452,21,0
6,154,78,41,14,46.1,0.571,27,0
0,137,7,38,105.6598985,33.2,0.17,22,0
0,119,66,27,105.6598985,38.8,0.259,22,0
7,136,9,25.87615527,105.6598985,29.9,0.21,50,0
4,114,64,25.87615527,105.6598985,28.9,0.126,24,0
0,137,84,27,105.6598985,27.3,0.231,59,0
7,114,76,17,11,23.8,0.466,31,0
8,126,74,38,75,25.9,0.162,39,0
4,132,86,31,105.6598985,28,0.419,63,0
0,123,88,37,105.6598985,35.2,0.197,29,0
4,85,58,22,49,27.8,0.306,28,0
0,84,82,31,125,38.2,0.233,23,0
0,145,55.70668486,25.87615527,105.6598985,44.2,0.63,31,1
0,135,68,42,25,42.3,0.365,24,1
4,99,72,17,105.6598985,25.6,0.294,28,0
2,83,65,28,66,36.8,0.629,24,0
4,99,68,38,105.6598985,32.8,0.145,33,0
4,125,7,18,122,28.9,1.144,45,1
3,8,55.70668486,25.87615527,105.6598985,29.8656539,0.174,22,0
6,166,74,25.87615527,105.6598985,26.6,0.304,66,0
5,11,68,25.87615527,105.6598985,26,0.292,30,0
7,195,7,33,145,25.1,0.163,55,1
2,117,9,19,71,25.2,0.313,21,0
3,84,72,32,105.6598985,37.2,0.267,28,0
6,99.31061599,68,41,105.6598985,39,0.727,41,1
7,94,64,25,79,33.3,0.738,41,0
3,96,78,39,105.6598985,37.3,0.238,40,0
10,75,82,25.87615527,105.6598985,33.3,0.263,38,0
0,18,9,26,9,36.5,0.314,35,1
1,13,6,23,17,28.6,0.692,21,0
8,12,78,25.87615527,105.6598985,25,0.409,64,0
12,84,72,31,105.6598985,29.7,0.297,46,1
0,139,62,17,21,22.1,0.207,21,0
9,91,68,25.87615527,105.6598985,24.2,0.2,58,0
2,91,62,25.87615527,105.6598985,27.3,0.525,22,0
3,99,54,19,86,25.6,0.154,24,0
3,163,7,18,15,31.6,0.268,28,1
7,125,86,25.87615527,105.6598985,37.6,0.304,51,0
13,76,6,25.87615527,105.6598985,32.8,0.18,41,0
2,68,7,32,66,25,0.187,25,0
3,124,8,33,13,33.2,0.305,26,0
6,114,55.70668486,25.87615527,105.6598985,29.8656539,0.189,26,0
9,13,7,25.87615527,105.6598985,34.2,0.652,45,1
3,125,58,25.87615527,105.6598985,31.6,0.151,24,0
3,87,6,18,105.6598985,21.8,0.444,21,0
1,97,64,19,82,18.2,0.299,21,0
3,116,74,15,15,26.3,0.107,24,0
0,111,65,25.87615527,105.6598985,24.6,0.66,31,0
2,122,6,18,16,29.8,0.717,22,0
0,17,76,25.87615527,105.6598985,45.3,0.686,24,0
6,91,55.70668486,25.87615527,105.6598985,29.8,0.501,31,0
4,132,55.70668486,25.87615527,105.6598985,32.9,0.302,23,1
0,15,9,25.87615527,105.6598985,29.6,0.197,46,0
0,127,8,37,21,36.3,0.804,23,0
3,128,72,25,19,32.4,0.549,27,1
10,9,85,32,105.6598985,34.9,0.825,56,1
4,84,9,23,56,39.5,0.159,25,0
1,88,78,29,76,32,0.365,29,0
5,187,76,27,27,43.6,1.034,53,1
1,164,82,43,67,32.8,0.341,50,0
4,189,11,31,105.6598985,28.5,0.68,37,0
1,116,7,28,105.6598985,27.4,0.204,21,0
6,114,88,25.87615527,105.6598985,27.8,0.247,66,0
1,88,62,24,44,29.9,0.422,23,0
1,84,64,23,115,36.9,0.471,28,0
8,11,76,25.87615527,105.6598985,27.8,0.237,58,0
6,125,76,25.87615527,105.6598985,33.8,0.121,54,1
1,87,68,34,77,37.6,0.401,24,0
6,99,6,19,54,26.9,0.497,32,0
0,91,8,25.87615527,105.6598985,32.4,0.601,27,0
2,95,54,14,88,26.1,0.748,22,0
6,92,62,32,126,32,0.085,46,0
4,154,72,29,126,31.3,0.338,37,0
3,78,7,25.87615527,105.6598985,32.5,0.27,39,0
2,13,96,25.87615527,105.6598985,22.6,0.268,21,0
3,111,58,31,44,29.5,0.43,22,0
2,98,6,17,12,34.7,0.198,22,0
2,118,8,25.87615527,105.6598985,42.9,0.693,21,1
10,133,68,25.87615527,105.6598985,27,0.245,36,0
0,151,9,46,105.6598985,42.1,0.371,21,1
6,19,6,27,105.6598985,25,0.206,27,0
12,121,78,17,105.6598985,26.5,0.259,62,0
8,1,76,25.87615527,105.6598985,38.7,0.19,42,0
1,93,56,11,105.6598985,22.5,0.417,22,0
8,143,66,25.87615527,105.6598985,34.9,0.129,41,1
6,13,66,25.87615527,105.6598985,24.3,0.249,29,0
3,176,86,27,156,33.3,1.154,52,1
0,73,55.70668486,25.87615527,105.6598985,21.1,0.342,25,0
3,132,8,25.87615527,105.6598985,34.4,0.402,44,1
6,123,72,45,23,33.6,0.733,34,0
0,67,76,25.87615527,105.6598985,45.3,0.194,46,0
1,89,24,19,25,27.8,0.559,21,0
1,173,74,25.87615527,105.6598985,36.8,0.088,38,1
1,19,38,18,12,23.1,0.407,26,0
1,18,88,19,105.6598985,27.1,0.4,24,0
6,96,55.70668486,25.87615527,105.6598985,23.7,0.19,28,0
1,124,74,36,105.6598985,27.8,0.1,30,0
7,15,78,29,126,35.2,0.692,54,1
4,183,55.70668486,25.87615527,105.6598985,28.4,0.212,36,1
1,124,6,32,105.6598985,35.8,0.514,21,0
1,92,62,25,41,19.5,0.482,25,0
6,15,8,28,105.6598985,32.5,0.878,26,0
11,138,74,26,144,36.1,0.557,50,1
3,16,72,25.87615527,105.6598985,25.8,0.207,27,0
6,117,96,25.87615527,105.6598985,28.7,0.157,30,0
0,119,55.70668486,25.87615527,105.6598985,32.4,0.141,24,1
2,115.8633873,56.41073075,24.33673596,94.38578307,26.45594019,0.272681901,20.10049443,0
2,92.49012227,70.61551995,23.44359117,138.6524257,23.91016662,0.665159658,44.91228124,0
1,88.14146934,63.26261803,23.40436426,149.358082,21.94825016,0.676021648,48.2478731,1
2,108.4531013,67.79363184,20.75158038,108.7516382,24.20930381,0.289636456,42.74986786,0
1,127.8494433,94.7256846,22.60307827,25.26998706,32.99747663,0.601315177,32.7977885,0
2,108.8700344,74.33851801,25.3908513,78.70474016,20.00818029,0.673116593,24.89376053,0
3,95.66526971,54.15709965,23.92764756,130.9898585,29.23583979,0.461785737,18.66908576,1
0,108.353474,68.49737034,22.61199219,109.2256906,27.72401714,0.474360684,44.51757547,0
2,120.9793989,50.61786033,23.67713931,-11.61685437,21.03270888,0.105675738,42.74301286,1
2,123.8391771,75.0675484,23.19821639,181.8091091,29.2711955,0.622291685,66.01735489,0
4,75.72116588,70.09701794,22.7079311,22.66879742,22.46161093,0.63621813,68.08071077,0
2,108.6677723,68.74773709,24.46496582,0.720477784,24.22356901,0.681645744,25.98618393,1
2,103.5966216,57.10089886,24.10004727,38.55183165,22.89547986,0.172129185,32.98632473,0
0,84.49931621,78.76815849,22.17545955,0.465974193,30.62567692,0.745368941,32.49233935,0
0,74.05662756,51.3606781,23.01471791,87.70796253,27.13047969,0.266261284,42.28435831,1
5,124.3549697,99.89965675,23.78412424,168.762112,28.86879696,0.190794381,49.55412772,0
2,58.15785541,81.19725957,24.58297312,72.7491329,13.88387581,0.307443654,44.79831494,0
4,112.5725047,80.66082168,22.89291564,159.109157,19.82121874,0.469440546,31.8204468,0
1,83.65198206,57.35103177,23.63830255,93.60018048,21.12815535,0.12340659,34.0483155,0
2,133.9618581,45.93269811,22.76639712,37.50863481,30.41097449,0.433990837,17.61382699,0
2,126.1602383,73.11306625,22.77535106,92.19701306,15.57253886,0.490762225,87.09507216,1
1,107.5314803,69.46060436,24.5421547,112.1269174,25.18448692,0.415185635,40.58505552,1
1,113.804736,91.85536497,24.21190729,62.61472801,21.85731781,0.239911082,39.35412654,1
2,90.16877683,88.76061078,23.26543677,108.9875685,18.13393838,0.290302509,40.46619788,0
0,122.1012146,72.12359394,21.65075431,126.735433,21.50878022,0.201940117,28.75903399,0
0,98.51578043,73.19397927,22.20063018,76.27676626,22.76930541,0.145023456,48.9485741,1
3,53.81632537,67.8553546,24.97355047,142.425058,30.28573479,0.580866709,55.08285094,0
1,111.9356556,77.92497324,22.58783279,146.7971895,19.85595791,0.230713096,66.25388666,0
0,76.32229648,60.70004024,22.30530028,-86.00816318,28.61147256,0.238182614,40.29864415,0
1,111.4418556,66.45423463,23.47922744,44.27872982,29.28104606,0.755595928,54.27812664,1
4,90.48022795,83.35684939,23.26807387,268.2466851,22.82184513,0.223307739,47.23747651,1
5,102.6404185,83.5729815,22.28080462,-132.6345168,25.47520395,0.748051985,60.13049637,0
2,102.823386,85.1956332,25.16756887,230.0899399,29.78869309,0.219661425,63.01898906,0
2,78.44256377,81.09296311,23.06361122,28.86062201,18.27670411,0.354327133,31.96769734,0
2,134.2387439,67.25832124,24.05597701,8.562334938,19.54523072,0.713494661,27.45071422,0
5,115.3293474,72.13251272,22.33428878,78.53588338,21.52637462,0.684840309,55.80892872,0
3,89.47675293,90.40691756,22.17235688,-3.105601899,26.54510084,0.449195717,30.01124381,1
0,111.754633,59.81641287,21.00774569,-92.00863351,25.52315691,0.271231392,42.19041488,0
1,85.26027639,49.30048181,25.12823037,89.65978253,23.69587899,0.232209131,15.82128427,0
2,113.9802724,69.9799688,23.86562299,215.1502863,13.54881785,0.305827797,46.05159568,0
1,104.5862826,80.24113751,21.78912125,0.744261959,25.11472053,0.436967898,18.87375632,0
1,113.7778186,69.0113901,23.62246223,199.6192829,20.91549055,0.269900491,63.51496591,0
0,87.14485394,61.20968116,24.21600098,62.70032635,25.59203439,0.612610539,27.4765715,0
4,127.0803828,78.62083918,22.96877282,24.098013,24.51904702,0.288643035,38.0104419,0
1,94.24213987,75.68965437,24.73985058,174.9543727,29.48235068,0.764355722,41.37033141,0
1,120.8902797,88.84266993,22.01004245,213.8005521,26.84811146,0.546249162,40.14247223,1
2,113.1120286,91.30827623,20.67071111,165.6208896,25.76134551,0.612243267,20.26672564,1
4,94.59680015,76.40271261,23.76700377,67.62106865,23.81340088,0.357360632,48.20044964,1
5,105.239007,66.6742984,24.11625855,33.0045668,26.53288116,0.602922125,40.26716098,0
2,85.36973192,52.55528561,23.61465768,45.4612714,25.73129984,0.658560232,45.47640175,0
0,109.9497051,51.70812379,24.46077348,130.2474413,22.50194876,0.246762645,54.99982464,0
2,88.04580973,60.83060752,22.43457853,206.3244995,27.62472543,0.436891766,39.51205055,0
2,86.93816677,64.13504507,24.22309477,66.00682649,24.68037845,0.243757729,39.10198722,0
4,119.1576446,74.13408674,24.04633497,66.3760853,22.57578387,0.386437651,75.76415097,0
5,117.6236669,59.52296273,23.1784101,60.64293362,31.76104632,0.330243845,47.27348123,0
2,103.7138518,84.58107842,22.53832173,25.69233859,28.92284765,0.760399675,60.8552277,0
2,124.6763446,61.3541452,23.67518119,-13.32319885,32.58051772,0.100168612,52.18215451,0
1,89.60049823,56.67889283,22.30373994,-44.23554011,21.61172985,0.749467043,36.61424029,1
1,79.53608977,63.66855186,22.56807645,140.2672272,28.87969831,0.494188616,47.88915788,0
2,114.8571896,64.23926846,24.75071857,236.383607,25.4290092,0.240006245,51.69946471,0
2,89.95449651,80.82208287,21.62882149,157.076668,21.71232457,0.781026073,56.46529062,1
0,84.7762723,67.63218188,22.90671542,106.5333472,31.36178224,0.371566518,44.94658068,0
1,76.96263231,77.84353183,25.76538613,142.9798726,27.99741582,0.187229945,38.70931511,0
1,78.61426289,61.21463886,23.88927925,146.9017263,27.17616556,0.56293668,67.69066891,1
0,131.3559226,88.04649565,24.05854514,110.6776245,23.57605949,0.642633539,46.96729203,0
4,85.58720656,77.34753041,22.62358081,93.73481688,28.20405359,0.472617184,54.57943334,0
2,89.92420832,76.40588831,22.35359368,-80.79110551,25.29504244,0.135597778,27.2884303,0
2,108.8776046,81.92206143,23.62532844,40.50379941,22.04178002,0.736286624,34.98987294,0
0,108.5523456,55.83187628,21.28904986,15.81985555,30.70810506,0.712153707,45.21523218,0
0,135.3754357,57.6838051,21.50478253,-33.22700891,21.59759812,0.377821585,52.09453216,0
1,92.36951722,57.21140801,19.36998724,46.77374729,28.86959966,0.211939272,38.56609578,0
1,138.188373,73.07776398,21.93886346,317.7018517,23.30210833,0.222208789,54.36793805,1
0,121.7492835,88.52687229,24.55600979,-17.93311407,28.08627005,0.381659378,56.63772717,0
3,120.363145,81.93698007,25.76872624,-6.817695791,26.74504539,0.216340376,35.81339139,1
0,121.0886331,64.30896203,24.34063167,-77.24260972,23.62786515,0.43649984,17.19706459,0
2,113.5471904,75.58710571,22.90980472,5.357487902,22.34612005,0.169811681,49.1239428,0
0,121.2975348,76.75613403,23.48104625,124.5339517,30.29944873,0.310643351,27.15293145,0
3,122.2315731,43.09059657,25.36208849,159.0798081,25.55200175,0.543474706,44.0184066,0
0,116.6170465,95.63819018,23.38871934,190.1689077,29.10605843,0.327019565,28.86064116,0
1,119.0519679,68.80326331,23.78807296,78.8473417,26.40388842,0.331205923,39.31929923,0
2,123.2279757,59.95730226,24.41752352,36.80565752,23.80139106,0.13593406,45.00340291,0
0,105.9236961,57.14189056,22.48737171,25.26130428,25.30867017,0.637927457,25.77957894,1
1,117.7346472,70.57591964,22.34129521,16.39351957,24.95538841,0.355670941,55.579693,0
1,92.52675843,88.97022164,23.84247681,101.0514671,22.23704485,0.550707549,29.71925686,1
0,134.8927835,64.70038471,23.16735728,96.13921914,26.32801315,0.747048042,51.67857863,0
2,90.01231403,61.60852781,22.89639398,100.2307489,23.08781456,0.101842509,65.88136478,0
1,109.0506287,64.32567102,21.2496149,113.7551448,21.85452421,0.626681718,55.47498757,0
0,70.58182486,78.31247925,23.31202151,194.9100114,31.18227014,0.343934583,41.34321727,0
1,89.30533505,102.2961032,21.13533305,19.95843516,20.02928034,0.368764226,35.0164553,0
2,99.50685439,51.5212717,23.13640299,91.93808707,20.91747363,0.375346987,22.91256884,0
4,97.0788023,48.17019811,20.60615987,14.9253662,27.72008002,0.228828724,47.00866662,0
0,91.89179985,75.53625898,22.21737147,124.4275628,29.53524271,0.194350049,28.88618061,0
1,136.0432962,96.24869008,25.27974042,146.5483901,22.99761328,0.165301169,50.68359006,0
2,96.67061744,69.02599498,23.6008309,103.3676452,28.56802648,0.24043146,39.22364386,1
3,107.1200526,72.31085508,23.01248921,148.9753341,25.59543573,0.232312098,22.59092057,0
2,94.15489569,64.43855669,21.36390098,88.69901679,24.04905663,0.370991356,47.3137845,0
3,109.0836633,64.73179748,24.33286961,100.7023864,26.0997955,0.72321179,46.4837191,0
2,53.56087165,59.84710531,20.84727597,-80.96737653,24.27358045,0.261659165,49.7295377,0
0,117.3526417,68.00294824,25.83481965,148.5916035,24.36624176,0.605617818,43.65070137,0
1,112.5949976,59.00600306,21.80324883,96.98943704,23.83656901,0.226458431,40.51325058,0
1,89.94760772,87.78323615,24.29796507,131.0262454,28.70993797,0.600854168,60.71217701,0
2,64.26108537,54.77806459,24.48638538,156.9215256,26.77196494,0.302546687,55.083229,0
3,108.0820331,73.18053358,22.35213883,178.9392413,26.35590144,0.233319898,65.83561136,0
0,81.85983683,86.2253093,23.89301626,58.93907102,22.57711002,0.676258451,59.06593033,0
2,128.5823404,82.98694218,22.08436459,172.5769237,22.60238385,0.501204474,59.04654664,0
3,99.45336132,105.7990424,22.93147975,-0.795770004,25.96471702,0.779597939,25.15544192,0
1,101.7593764,90.01104367,25.1682582,56.35004641,23.89772995,0.729617159,40.55577186,1
2,100.4256087,76.16352795,23.83412511,95.1229422,29.01693698,0.530780528,68.76051272,0
1,139.6677247,86.51305561,23.86572784,69.22987099,24.1436023,0.613744259,40.08615065,1
0,109.6356742,58.38986643,21.89881786,-6.793268949,17.34181029,0.312604668,62.99132663,0
3,93.17784195,72.39218082,22.50696709,138.996039,29.3303119,0.512884076,33.16850641,0
1,144.3840254,68.80956826,24.34750202,23.23698623,27.95486081,0.779401333,45.63880933,0
0,46.30423906,71.4660388,22.47639578,204.4401275,28.10609047,0.709890296,29.43188974,0
0,113.6338138,72.22841842,22.32682924,69.77156964,28.17125134,0.646512911,44.81114739,1
1,85.86878842,67.42727115,23.45544757,99.18012066,25.58737938,0.684660504,36.12891164,0
0,95.88462804,62.86068122,24.66504682,103.7046312,29.02993488,0.79021955,57.73876515,0
0,89.23925514,69.14782021,23.53717916,60.62264739,24.60206878,0.473819411,67.66338325,0
2,125.8073624,79.074571,22.9169961,84.53042604,30.6927136,0.370545606,36.07239952,0
2,120.2735148,79.44442836,23.35230272,-3.714347026,21.88307572,0.623624318,36.88807528,0
1,75.973933,77.05981733,22.51734381,120.2370454,19.93493354,0.193758854,20.29885872,0
3,135.2337786,72.0026133,24.94974092,-19.33483853,27.04527091,0.424990659,40.37918083,0
0,115.0816634,70.25801748,22.99501478,-88.54757607,17.6875116,0.751245824,58.27818539,1
2,102.3234617,67.40881312,23.65518549,135.183996,22.49008252,0.578817403,77.48979705,0
0,94.11470256,46.15532449,22.55197918,133.8000966,24.6769508,0.478831639,31.42227161,0
1,125.0962389,94.67754447,24.18865444,146.7775542,24.50745893,0.146639599,68.93775933,0
1,95.98501673,68.07623254,24.37189355,6.961320177,30.3362747,0.62845814,35.79291621,0
4,113.4588641,66.29666086,23.47153953,12.39828922,29.62617262,0.543976857,62.48933342,0
2,121.4849447,70.66566391,22.98125381,76.33575593,28.90491329,0.212216328,36.512154,0
3,93.34725363,79.74708996,22.91182469,68.85815528,26.43252789,0.150590196,46.00200503,0
2,106.641305,76.04085011,24.70014199,288.9114893,27.06486421,0.455175866,49.58838479,0
1,121.0505788,110.7237146,23.35504573,171.0941028,22.8374291,0.122319357,43.97288258,0
3,105.2253337,87.30531951,22.30818179,111.9053581,26.96781841,0.363471276,40.51322147,0
0,94.18849794,88.24978605,23.01474675,191.4080558,21.79759345,0.480428909,40.24303988,0
1,124.20487,73.90592836,24.07404543,-13.76847637,25.44186952,0.789410096,42.6702244,1
0,89.62784042,95.86511408,24.05191376,127.9010826,34.13777289,0.204151799,12.70208526,0
0,79.83889046,62.30143199,24.74091075,56.05340482,27.07842851,0.792212998,20.40412422,1
1,109.8308424,66.85625178,21.90990419,150.1213664,25.29373657,0.583490728,40.59218906,0
1,121.5530262,97.58166107,23.92102412,49.21531205,26.46760091,0.581529052,59.9616756,0
0,136.266879,46.84566782,22.13659579,29.59907001,18.47452611,0.131326004,17.62697811,0
1,107.4698654,48.58850316,25.69622026,107.2200221,24.15250669,0.372760196,34.13165181,0
5.0,100.0,100.0,100.0,100.0,100.0,100.0,50.0,1
